,close,high,low,rsi,bb_upper,bb_lower,trend_ma,regime,standard_long_entries,standard_long_exits,standard_short_entries,standard_short_exits,trending_long_entries,trending_long_exits,trending_short_entries,trending_short_exits,ranging_long_entries,ranging_long_exits,ranging_short_entries,ranging_short_exits
2023-01-01 00:00:00,100.03930056453524,100.06744024689519,99.98621764162507,59.173940581084324,102.04008657582594,98.03851455324454,100.03930056453524,ranging,0,0,0,1,0,0,0,1,0,0,0,1
2023-01-01 01:00:00,100.22802602385441,100.82433316236147,99.72937671511204,63.04989915325719,102.2325865443315,98.22346550337733,100.22802602385441,ranging,0,0,0,1,0,0,0,1,0,0,0,1
2023-01-01 02:00:00,100.21203668441032,100.40250614568536,100.04991285909259,24.300306268530743,102.21627741809853,98.20779595072212,100.21203668441032,ranging,1,0,0,1,1,0,0,1,1,0,0,1
2023-01-01 03:00:00,100.15628602127647,100.24861130912215,99.92855206673877,41.24447558101778,102.159411741702,98.15316030085094,100.15628602127647,ranging,0,0,0,1,0,0,0,1,0,0,0,1
2023-01-01 04:00:00,100.51430840412701,100.66052284171948,99.64353159044911,37.19393732871305,102.52459457220955,98.50402223604446,100.51430840412701,ranging,0,0,0,1,0,0,0,1,0,0,0,1
2023-01-01 05:00:00,100.46168628958935,100.80016292432181,100.29532319440406,21.817972147233633,102.47092001538114,98.45245256379756,100.46168628958935,ranging,1,0,0,1,1,0,0,1,1,0,0,1
2023-01-01 06:00:00,100.44483778562277,100.66694892083919,100.03283231390841,24.737718901237578,102.45373454133522,98.43594102991031,100.44483778562277,ranging,1,0,0,1,1,0,0,1,1,0,0,1
2023-01-01 07:00:00,100.30754381290765,101.3059999798491,100.1984818039801,54.670449606468445,102.31369468916581,98.30139293664949,100.30754381290765,ranging,0,0,0,1,0,0,0,1,0,0,0,1
2023-01-01 08:00:00,100.71409498922247,100.75141891238293,100.33576850459987,56.720337080869704,102.72837688900692,98.69981308943802,100.71409498922247,ranging,0,0,0,1,0,0,0,1,0,0,0,1
2023-01-01 09:00:00,100.71305120612062,100.7562092912582,100.59315208558961,49.259921208391155,102.72731223024304,98.6987901819982,100.71305120612062,ranging,0,0,0,1,0,0,0,1,0,0,0,1
2023-01-01 10:00:00,100.58142864116616,100.93160631475756,100.2611775284739,53.10393298574082,102.59305721398948,98.56980006834283,100.3975091293484,ranging,0,0,0,1,0,0,0,1,0,0,0,1
2023-01-01 11:00:00,100.61749926473001,101.06509908587738,100.54751781977693,9.209076997118224,102.62984925002462,98.60514927943541,100.45007264754794,ranging,1,0,0,1,1,0,0,1,1,0,0,1
2023-01-01 12:00:00,100.54799899734013,100.78974158711826,100.18504110073086,46.834087991885816,102.55895897728693,98.53703901739333,100.479161099683,ranging,0,0,0,1,0,0,0,1,0,0,0,1
2023-01-01 13:00:00,100.76626774789199,100.96302633640636,100.51008393151736,64.92172885176102,102.78159310284983,98.75094239293415,100.52954574181769,ranging,0,0,0,1,0,0,0,1,0,0,0,1
2023-01-01 14:00:00,101.050644232792,101.75324964947634,100.12576806247564,64.89177927756813,103.07165711744784,99.02963134813615,100.61085103377364,ranging,0,0,0,1,0,0,0,1,0,0,0,1
2023-01-01 15:00:00,101.4010516800604,101.46718423178477,101.1157409359406,52.883701323947754,103.42907271366161,99.3730306464592,100.69146405885853,ranging,0,0,0,1,0,0,0,1,0,0,0,1
2023-01-01 16:00:00,101.27353512611803,101.38850773973635,101.25322808557344,33.24332997128107,103.2990058286404,99.24806442359566,100.76526849854294,ranging,0,0,0,1,0,0,0,1,1,0,0,1
2023-01-01 17:00:00,101.36298799588768,101.90790307637984,101.00470379796633,30.45690876417801,103.39024775580543,99.33572823596992,100.8487366994761,ranging,0,0,0,1,0,0,0,1,1,0,0,1
2023-01-01 18:00:00,101.52560788418023,102.25263284197243,101.47752346317849,58.902931547795895,103.55612004186384,99.49509572649663,100.95946979686454,ranging,0,0,0,1,0,0,0,1,0,0,0,1
2023-01-01 19:00:00,101.51752762077079,101.73853085364118,101.12562653538562,39.743063099326164,103.5478781731862,99.48717706835538,101.03250912700527,ranging,0,0,0,1,0,0,0,1,0,0,0,1
2023-01-01 20:00:00,101.4866496668333,101.5487160912877,100.80300797561954,34.39900052769377,102.062272302253,100.1434002173417,101.10283625979736,ranging,0,0,0,1,0,0,0,1,1,0,0,1
2023-01-01 21:00:00,101.41663532115177,101.54695212933645,100.95020484407266,60.96275555691362,102.12080645049605,100.23672182909601,101.17876413979603,ranging,0,0,0,1,0,0,0,1,0,0,0,1
2023-01-01 22:00:00,101.45469633073603,102.2619334525296,101.09768832223742,54.423212156062206,102.19402362087858,100.31572230707816,101.25487296397837,ranging,0,0,0,1,0,0,0,1,0,0,0,1
2023-01-01 23:00:00,101.33769482878623,102.20656670136749,100.59818456431792,60.709077966087506,102.23467232674916,100.41865466147057,101.32666349410987,ranging,0,0,0,1,0,0,0,1,0,0,0,1
2023-01-02 00:00:00,101.23871614117225,101.31676930352288,100.88219478904568,65.04831467258913,102.21553568556004,100.52369101052881,101.36961334804442,ranging,0,0,0,1,0,0,0,1,0,0,0,1
2023-01-02 01:00:00,101.04233601555856,101.21781579918735,100.72629549354353,42.22251755486626,102.18800880255425,100.54970730858308,101.36885805556867,ranging,0,0,0,1,0,0,0,1,0,0,0,1
2023-01-02 02:00:00,100.8803707536714,100.93180651856969,100.13703310948112,32.03666162957943,102.10571327013608,100.5373335816578,101.32152342589694,ranging,0,0,0,1,0,0,0,1,1,0,0,1
2023-01-02 03:00:00,100.7632561781369,100.79822407103136,100.45889180742242,30.15784777485829,102.02484731356301,100.52542154768884,101.27513443062593,ranging,0,0,0,1,0,0,0,1,1,0,0,1
2023-01-02 04:00:00,100.62816833755676,100.94679499716564,99.93884854102846,68.58314022820701,101.90856513184531,100.50810015516458,101.20833264350495,ranging,0,0,0,1,0,0,0,1,0,0,0,1
2023-01-02 05:00:00,100.78353260407115,101.04845143277724,100.57861600539785,65.278827358192,101.83511495857006,100.44662755023815,101.1408712544041,ranging,0,0,0,1,0,0,0,1,0,0,0,1
2023-01-02 06:00:00,100.6260164771199,100.72281900964732,100.20340095571376,51.719267192718966,101.7634274109064,100.35622216269256,101.05982478679948,ranging,0,0,0,1,0,0,0,1,0,0,0,1
2023-01-02 07:00:00,100.71111334177911,101.00441329078993,100.01521034251323,42.161283713849166,101.67806243369377,100.30058053534988,100.98932148452182,ranging,0,0,0,1,0,0,0,1,0,0,0,1
2023-01-02 08:00:00,100.82869805238424,100.88135368168409,100.11516769600367,31.920673298857952,101.6038497361759,100.2678955476373,100.9358726419066,ranging,0,0,0,1,0,0,0,1,1,0,0,1
2023-01-02 09:00:00,101.03997814517047,101.50107195824968,100.80423645121837,18.833340695222674,101.52324639093708,100.27309558640961,100.89817098867334,ranging,1,0,0,1,1,0,0,1,1,0,0,1
2023-01-02 10:00:00,100.98694435650421,101.2303510530293,100.84187275786006,68.78697661010213,101.47567393115901,100.25689523304553,100.86628458210227,ranging,0,0,0,1,0,0,0,1,0,0,0,1
2023-01-02 11:00:00,100.91417335804242,101.2223443024932,100.39858354535751,60.43010073529386,101.45154410827013,100.22201727718354,100.83678069272683,ranging,0,0,0,1,0,0,0,1,0,0,0,1
2023-01-02 12:00:00,100.92958510240202,101.31245630323228,100.43483866378124,45.61026096240569,101.43085666579024,100.22220455363491,100.82653060971258,ranging,0,0,0,1,0,0,0,1,0,0,0,1
2023-01-02 13:00:00,100.7114438131369,101.41071330298061,100.28665887420298,43.80080998669317,101.42905591669223,100.19329131354486,100.81117361511855,ranging,0,0,0,1,0,0,0,1,0,0,0,1
2023-01-02 14:00:00,100.99680680317648,101.23201166440168,100.56414120369963,39.065134031011205,101.43518756663293,100.22962341361138,100.83240549012216,ranging,0,0,0,1,0,0,0,1,0,0,0,1
2023-01-02 15:00:00,101.28211827641903,102.27607938208261,101.21366029562269,66.54937298330614,101.46541344226605,100.31829752686227,100.89185548456416,ranging,0,0,0,1,0,0,0,1,0,0,0,1
2023-01-02 16:00:00,101.46846005551646,101.82021713589269,100.78589822546229,68.42333124522318,101.5200233472751,100.38821988575239,100.95412161651375,ranging,0,0,0,1,0,0,0,1,0,0,0,1
2023-01-02 17:00:00,101.3106934085163,101.79715005041335,101.28913453911696,42.82171961775993,101.55943405628992,100.4732958915369,101.01636497391341,ranging,0,0,0,1,0,0,0,1,0,0,0,1
2023-01-02 18:00:00,101.22755155034956,101.74736222555622,101.02715618406472,48.54560397940108,101.58542902149165,100.5411987824389,101.06331390196527,ranging,0,0,0,1,0,0,0,1,0,0,0,1
2023-01-02 19:00:00,101.14919803102161,101.49818890616038,101.03230882519628,64.12139302478673,101.57980713706499,100.60509339025415,101.09245026365957,ranging,0,0,0,1,0,0,0,1,0,0,0,1
2023-01-02 20:00:00,100.70342783628858,100.93574334732335,100.084031051273,51.72884075746551,101.53856499987353,100.58514456219436,101.06185478103394,ranging,0,0,0,1,0,0,0,1,0,0,0,1
2023-01-02 21:00:00,100.69716387384275,101.58978613041353,100.5361961247514,33.188419933754304,101.50834226987452,100.5626799317095,101.03551110079201,ranging,0,0,0,1,0,0,0,1,1,0,0,1
2023-01-02 22:00:00,100.85031753257928,101.55991389469463,100.21145471240655,23.33713914978582,101.50147576848501,100.55793628301483,101.02970602574992,ranging,1,0,0,1,1,0,0,1,1,0,0,1
2023-01-02 23:00:00,100.66703153271416,100.8319703139321,100.54932926076795,13.519975236248335,101.49029391289706,100.52138112593222,101.00583751941464,ranging,1,0,0,1,1,0,0,1,1,0,0,1
2023-01-03 00:00:00,100.54431347765107,101.39532761475041,100.4160029802437,49.26108512594815,101.49689607388073,100.48439163122386,100.9906438525523,ranging,0,0,0,1,0,0,0,1,0,0,0,1
2023-01-03 01:00:00,100.49107934727084,100.6984235754266,100.29471347766396,52.16850640564365,101.46839237864026,100.42094487993606,100.94466862928816,ranging,0,0,0,1,0,0,0,1,0,0,0,1
2023-01-03 02:00:00,100.6011230420543,101.06918821938571,100.07993953931465,72.21410919422696,101.41986404503064,100.34565589820662,100.88275997161863,trending,0,0,0,1,0,0,0,1,0,0,0,1
2023-01-03 03:00:00,100.7204114015735,101.39356116821624,100.57922988510059,76.79195669237816,101.34440019999266,100.28511089707317,100.81475554853291,trending,0,0,0,1,0,0,0,1,0,0,0,1
2023-01-03 04:00:00,100.80455512715187,101.12538020097332,100.78043345836728,76.98915283268329,101.29362343404145,100.24386252095809,100.76874297749977,trending,0,0,0,1,0,0,0,1,0,0,0,1
2023-01-03 05:00:00,100.86975793481261,101.24739217918513,100.081399774103,69.96555924069924,101.26030726662637,100.21212530373009,100.73621628517823,trending,0,0,0,1,0,0,0,1,0,0,0,1
2023-01-03 06:00:00,100.93912505193852,100.9438189365777,100.7712706095437,70.50529641165906,101.23794452969747,100.19629295355296,100.71711874162521,trending,0,0,0,1,0,0,0,1,0,0,0,1
2023-01-03 07:00:00,101.11092604231231,102.21929264683774,101.05172824683063,66.87493250666279,101.28164155926547,100.22668650689837,100.75416403308192,trending,0,0,0,1,0,0,0,1,0,0,0,1
2023-01-03 08:00:00,101.20804254447711,101.30697605147932,100.82423766309934,77.92348394002937,101.34375526764042,100.25745982954787,100.80060754859414,trending,0,0,0,1,0,0,0,1,0,0,0,1
2023-01-03 09:00:00,101.27887681749998,101.40929587762813,101.05393159244473,66.38356196212048,101.40405916161396,100.27507580555994,100.83956748358695,trending,0,0,0,1,0,0,0,1,0,0,0,1
2023-01-03 10:00:00,101.37017228595992,102.13816049309652,101.26255053863952,67.17041411170342,101.48769630782625,100.31928243266502,100.90348937024564,trending,0,0,0,1,0,0,0,1,0,0,0,1
2023-01-03 11:00:00,101.43986739846602,101.5077225015799,101.41763632009527,77.97943349654543,101.60301866699947,100.36678805909452,100.984903363047,trending,0,0,0,1,0,0,0,1,0,0,0,1
2023-01-03 12:00:00,101.5915437496695,101.72507802896156,101.1233381114149,67.37725406265022,101.74387051156103,100.42602065133275,101.08494558144689,trending,0,0,0,1,0,0,0,1,0,0,0,1
2023-01-03 13:00:00,101.70772862306134,102.32968719312271,101.19752514409281,75.85767601086641,101.88345592723937,100.48763625038296,101.18554608881117,trending,0,0,0,1,0,0,0,1,0,0,0,1
2023-01-03 14:00:00,101.85762519981937,102.31633926449861,101.44992214569685,71.3163991719849,102.0656340564827,100.51222426627523,101.28892916137896,trending,0,0,0,1,0,0,0,1,0,0,0,1
2023-01-03 15:00:00,101.98483893740713,102.04318391922008,101.60491050546037,72.18483865993517,102.26889620110823,100.52355917805973,101.39622768958398,trending,0,0,0,1,0,0,0,1,0,0,0,1
2023-01-03 16:00:00,102.00796417345701,102.25238124696098,101.46033257279426,70.67895820478394,102.45856402529982,100.5408379427126,101.49970098400621,trending,0,0,0,1,0,0,0,1,0,0,0,1
2023-01-03 17:00:00,102.0550690523797,102.64530780574746,101.55645159121191,72.9927325768636,102.62004908917662,100.58225178800693,101.60115043859177,trending,0,0,0,1,0,0,0,1,0,0,0,1
2023-01-03 18:00:00,102.12309220139194,102.33485684373557,101.76665076056595,71.26233731883308,102.76286951600807,100.6234615719172,101.69316554396264,trending,0,0,0,1,0,0,0,1,0,0,0,1
2023-01-03 19:00:00,102.19977431537133,102.84869621003497,101.29595615146638,68.93080841539516,102.91017443605594,100.65647151930466,101.7833229776803,trending,0,0,0,1,0,0,0,1,0,0,0,1
2023-01-03 20:00:00,102.22623495012786,102.3132155835943,101.24327714798923,69.0419225143821,103.0214539802537,100.71743890831199,101.86944644428284,trending,0,0,0,1,0,0,0,1,0,0,0,1
2023-01-03 21:00:00,102.3344969050511,102.93511206151501,101.94632033973777,67.01801586411861,103.11193956128083,100.80228507621048,101.95711231874566,trending,0,0,0,1,0,0,0,1,0,0,0,1
2023-01-03 22:00:00,102.46959357466356,103.19972400048432,101.89535028338821,68.90866007244615,103.19266670083172,100.90878087778643,102.05072378930907,trending,0,0,0,1,0,0,0,1,0,0,0,1
2023-01-03 23:00:00,102.5359102878058,103.32588011119985,102.37258751094669,66.48609673791111,103.26414554003514,101.00900504551689,102.13657529277602,trending,0,0,0,1,0,0,0,1,0,0,0,1
2023-01-04 00:00:00,102.61909552944016,103.57587633656733,102.46625328496305,75.89553259072959,103.33594426700155,101.10290939243752,102.21942682971954,trending,0,0,0,1,0,0,0,1,0,0,0,1
2023-01-04 01:00:00,102.73602546510686,103.79544968028777,102.01657261740606,74.31962901959176,103.40754749324215,101.19101530534009,102.29928139929112,trending,0,0,0,1,0,0,0,1,0,0,0,1
2023-01-04 02:00:00,102.80384451034752,103.33790526200708,102.4524391344527,67.14936446495095,103.46509518476327,101.28237771798999,102.37373645137663,trending,0,0,0,1,0,0,0,1,0,0,0,1
2023-01-04 03:00:00,102.91428639457372,103.47016838153144,102.65027392974113,66.87204374992203,103.52883476913411,101.383423992004,102.45612938056905,trending,0,0,0,1,0,0,0,1,0,0,0,1
2023-01-04 04:00:00,103.01023791750103,103.39871041049199,102.17816689972095,69.45941842659883,103.61160645008508,101.47431937743872,102.5429629137619,trending,0,0,0,1,0,0,0,1,0,0,0,1
2023-01-04 05:00:00,103.08914821804687,104.06468711984316,102.99177452035555,69.71217493269289,103.6947193604646,101.56685301554188,102.63078618800324,trending,0,0,0,1,0,0,0,1,0,0,0,1
2023-01-04 06:00:00,103.19228152504958,103.78424856212952,102.9793130105758,73.85786016801109,103.77897711682495,101.66305111548674,102.72101411615584,trending,0,0,0,1,0,0,0,1,0,0,0,1
2023-01-04 07:00:00,103.26829303648965,103.53931631680625,103.09510883631499,66.22407222661599,103.86531178760018,101.76618155132272,102.81574666946145,trending,0,0,0,1,0,0,0,1,0,0,0,1
2023-01-04 08:00:00,103.37633382593869,103.54150922252316,103.02348246918869,71.59925370086424,103.95052484238381,101.87039339124588,102.91045911681485,trending,0,0,0,1,0,0,0,1,0,0,0,1
2023-01-04 09:00:00,103.50272074708269,103.6392369348476,103.42775635883244,71.18059840933896,104.05160059937813,101.95715893832781,103.00437976885297,trending,0,0,0,1,0,0,0,1,0,0,0,1
2023-01-04 10:00:00,103.68232588965952,103.80627668575599,103.09915420493755,70.35296297540118,104.18273045888166,102.03446827916129,103.10859936902148,trending,0,0,0,1,0,0,0,1,0,0,0,1
2023-01-04 11:00:00,103.76597114556473,104.36053216329438,103.13963276475504,74.04865668302176,104.32038445626557,102.10533712107272,103.21286078866915,trending,0,0,0,1,0,0,0,1,0,0,0,1
2023-01-04 12:00:00,103.83439862947954,104.14797019868784,103.22080360384359,66.53670825153554,104.45424546039925,102.17118032864317,103.31271289452121,trending,0,0,0,1,0,0,0,1,0,0,0,1
2023-01-04 13:00:00,103.93711135070002,103.94901123583074,103.40967075318122,72.82357312783147,104.58321146265494,102.24826284281527,103.4157371527351,trending,0,0,0,1,0,0,0,1,0,0,0,1
2023-01-04 14:00:00,104.03462744404214,104.21807616921456,103.92168383451668,66.23612823498786,104.7045194818792,102.33065319622162,103.51758633905041,trending,0,0,0,1,0,0,0,1,0,0,0,1
2023-01-04 15:00:00,104.19661781177015,104.54218577849072,103.67185736865756,71.22565337661364,104.83845852054762,102.41241959287484,103.62543905671123,trending,0,0,0,1,0,0,0,1,0,0,0,1
2023-01-04 16:00:00,104.29098445219013,104.72737520141769,103.92106728898307,76.6347659427873,104.96907648312025,102.50031730923733,103.73469689617879,trending,0,0,0,1,0,0,0,1,0,0,0,1
2023-01-04 17:00:00,104.33054249802184,104.70997347605542,103.83877562104846,65.91305839953087,105.0721444602586,102.60420587263941,103.838175166449,trending,0,0,0,1,0,0,0,1,0,0,0,1
2023-01-04 18:00:00,104.44488615978915,104.8435935950719,104.08462955730695,68.36087126775656,105.18225991844955,102.70801643686656,103.94513817765805,trending,0,0,0,1,0,0,0,1,0,0,0,1
2023-01-04 19:00:00,104.54732688118183,104.88042617659255,104.52778565732346,70.03879315760817,105.2978742555304,102.80530992801177,104.05159209177108,trending,0,0,0,1,0,0,0,1,0,0,0,1
2023-01-04 20:00:00,104.61757189281728,104.83704223744049,104.30727435808329,70.07084238964578,105.39858429157924,102.90730010027828,104.15294219592876,trending,0,0,0,1,0,0,0,1,0,0,0,1
2023-01-04 21:00:00,104.6954214830139,105.14756646486995,104.26733002926615,76.82923096828956,105.48416010004736,103.00592349060186,104.24504179532461,trending,0,0,0,1,0,0,0,1,0,0,0,1
2023-01-04 22:00:00,104.76957709789616,106.20550713538583,104.59211908732321,72.41317630864255,105.56824761509183,103.10430978507218,104.336278700082,trending,0,0,0,1,0,0,0,1,0,0,0,1
2023-01-04 23:00:00,104.94500136262134,105.54343434130209,104.42122149174284,76.05125649068728,105.66901907305217,103.20546609677399,104.43724258491308,trending,0,0,0,1,0,0,0,1,0,0,0,1
2023-01-05 00:00:00,105.01862437514026,105.19884597018076,104.46576260689467,60.263651955371515,105.76420014477613,103.30692375676647,104.5355619507713,trending,0,0,0,1,0,0,0,1,0,0,0,1
2023-01-05 01:00:00,105.14369693176565,105.18602450859963,103.97784801925435,77.1023889584183,105.86501807061751,103.40775482869302,104.63638644965526,trending,0,0,0,1,0,0,0,1,0,0,0,1
2023-01-05 02:00:00,105.25358528192017,105.57419434274848,105.14034829547126,75.79077130383678,105.95843498319142,103.50651381978265,104.73247440148704,trending,0,0,0,1,0,0,0,1,0,0,0,1
2023-01-05 03:00:00,105.32269284416043,105.3825017891029,104.67456983427594,76.19131071529688,106.0442270145013,103.6083051324674,104.82626607348435,trending,0,0,0,1,0,0,0,1,0,0,0,1
2023-01-05 04:00:00,105.28021836343636,105.58474096247326,105.17645880663538,44.8506846822549,106.0967562253789,103.72844426075613,104.91260024306752,ranging,0,0,0,1,0,0,0,1,0,0,0,1
2023-01-05 05:00:00,105.37485334186715,105.74446274116443,105.11030778355257,44.40435804525756,106.14867112563266,103.84561430269835,104.9971427141655,ranging,0,0,0,1,0,0,0,1,0,0,0,1
2023-01-05 06:00:00,105.33778451331929,106.12496411475811,104.71700367316014,82.43955601428458,106.17510123973739,103.96290375807314,105.06900249890526,ranging,0,0,0,1,0,0,0,1,0,0,0,1
2023-01-05 07:00:00,105.229567344344,105.80355085696213,104.87444001712576,36.53149911484232,106.17846465948706,104.07081223860105,105.12463844904406,ranging,0,0,0,1,0,0,0,1,0,0,0,1
2023-01-05 08:00:00,105.06041708351854,105.49921909640854,104.77339370511221,29.838464901002915,106.13845505012819,104.17718468441538,105.15781986727178,ranging,1,0,0,1,0,0,0,1,1,0,0,1
2023-01-05 09:00:00,104.97644478058047,105.19931328489662,104.00328264026669,56.433926738901384,106.07197606372813,104.281275976758,105.17662602024306,ranging,0,0,0,1,0,0,0,1,0,0,0,1
2023-01-05 10:00:00,105.22281429887754,105.94733728083261,104.96283527946386,48.33709706484387,106.02572012615815,104.37804335728364,105.2018817417209,ranging,0,0,0,1,0,0,0,1,0,0,0,1
2023-01-05 11:00:00,105.18541671406155,105.64265755653157,105.10236299521229,61.033481542249966,105.96297644242021,104.47111292082546,105.21704468162284,ranging,0,0,0,1,0,0,0,1,0,0,0,1
2023-01-05 12:00:00,105.3239797518331,105.90443128770968,104.9344954091443,31.931077582883024,105.92470287401065,104.54216518379272,105.23343402890168,ranging,0,0,0,1,0,0,0,1,1,0,0,1
2023-01-05 13:00:00,105.42890438213358,105.96552888656214,105.13012421155048,60.16643975212286,105.89618773353965,104.60255652430254,105.2493721289211,ranging,0,0,0,1,0,0,0,1,0,0,0,1
2023-01-05 14:00:00,105.43548373028568,105.44250721162415,104.62251104071443,27.565325961292267,105.84940898836048,104.66984270332269,105.25962584584158,ranging,1,0,0,1,0,0,0,1,1,0,0,1
2023-01-05 15:00:00,105.62426483135965,106.1745896251641,105.47318374184574,26.910956991567446,105.85324222093688,104.72856337400499,105.29090279747093,ranging,1,0,0,1,0,0,0,1,1,0,0,1
2023-01-05 16:00:00,105.12875694225484,106.02298494091038,104.71295986958114,37.663011306860966,105.76634573184397,104.77071506316845,105.26853039750621,ranging,0,0,0,1,0,0,0,1,0,0,0,1
2023-01-05 17:00:00,105.11324742886237,105.27616432463532,104.56010692676101,56.382120302526616,105.6838114992657,104.8124243713,105.24811793528285,ranging,0,0,0,1,0,0,0,1,0,0,0,1
2023-01-05 18:00:00,105.14719689975884,105.73103396269195,105.10098561107448,29.667546373318814,105.61840200076831,104.86285742532736,105.24062971304784,ranging,1,0,0,1,0,0,0,1,1,0,0,1
2023-01-05 19:00:00,105.28546281486135,105.42037423133652,104.2179552589021,49.82192155730221,105.58551735053423,104.9366594812601,105.26108841589716,ranging,0,0,0,1,0,0,0,1,0,0,0,1
2023-01-05 20:00:00,105.17837627298385,105.59067864343156,104.66974219133353,38.514491315308234,105.5790469748321,104.97984467376284,105.27944582429747,ranging,0,0,0,1,0,0,0,1,0,0,0,1
2023-01-05 21:00:00,105.59263238448813,106.36148584143119,105.4440032907473,47.99961786865822,105.63054359866572,104.99558770185843,105.31306565026208,ranging,0,0,0,1,0,0,0,1,0,0,0,1
2023-01-05 22:00:00,105.41597439156475,105.79286079356211,104.78381661448816,42.727750106949074,105.65223852551357,105.01581235273848,105.33402543912602,ranging,0,0,0,1,0,0,0,1,0,0,0,1
2023-01-05 23:00:00,104.91799982536794,105.80836663251866,104.89655426879854,54.07606396053296,105.65109241417923,104.9431439319882,105.29711817308372,ranging,0,0,0,1,0,0,0,1,0,0,0,1
2023-01-06 00:00:00,104.90865195037354,105.45996591023761,104.8418625029565,41.979405309563305,105.63378554904523,104.86585944589314,105.24982249746918,ranging,0,0,0,1,0,0,0,1,0,0,0,1
2023-01-06 01:00:00,104.87574261985502,105.95559709822226,104.58608873537298,62.84171018452951,105.6134862574703,104.78438762648065,105.19893694197548,ranging,0,0,0,1,0,0,0,1,0,0,0,1
2023-01-06 02:00:00,104.85945046751351,105.47320754884618,104.47388208714405,27.02040448871005,105.56642255294403,104.69239417394397,105.129408363444,ranging,1,0,0,1,0,0,0,1,1,0,0,1
2023-01-06 03:00:00,104.77167509380203,104.8199649839599,104.65148411761417,37.19180526303259,105.5658839191917,104.62800883525033,105.09694637722102,ranging,0,0,0,1,0,0,0,1,0,0,0,1
2023-01-06 04:00:00,104.73896124924543,105.59554436638376,104.17272632199926,73.94578037037246,105.56634233140934,104.55949839037507,105.0629203608922,ranging,0,0,0,1,0,0,0,1,0,0,0,1
2023-01-06 05:00:00,104.58608163462064,104.99389132368384,103.32459492372386,48.50463064550106,105.56940126722574,104.45441849726083,105.01190988224329,ranging,0,0,0,1,0,0,0,1,0,0,0,1
2023-01-06 06:00:00,104.55122902649906,104.56236842776691,103.83227598259974,36.78111576241673,105.5520995940442,104.33822311801285,104.94516135602852,ranging,0,0,0,1,0,0,0,1,0,0,0,1
2023-01-06 07:00:00,104.3982459895302,104.86129570727883,104.07008315585344,40.769353800552565,105.54952713376362,104.19895370857462,104.87424042116912,ranging,0,0,0,1,0,0,0,1,0,0,0,1
2023-01-06 08:00:00,104.48033520903692,104.8620891096747,103.91715322940335,63.18653702881738,105.49087319413948,104.05537179811671,104.7731224961281,ranging,0,0,0,1,0,0,0,1,0,0,0,1
2023-01-06 09:00:00,104.25232217862381,104.83500696631474,103.8005042958984,51.713274771549436,105.44583648614963,103.88883537648096,104.6673359313153,ranging,0,0,0,1,0,0,0,1,0,0,0,1
2023-01-06 10:00:00,104.28936977438829,104.36878412337019,103.88925485743414,38.0304012586937,105.415822320765,103.80455316896014,104.61018774486257,ranging,0,0,0,1,0,0,0,1,0,0,0,1
2023-01-06 11:00:00,104.25570895018019,104.80479654195084,103.8522606811124,47.47470542932261,105.37230109332363,103.72935748727546,104.55082929029955,ranging,0,0,0,1,0,0,0,1,0,0,0,1
2023-01-06 12:00:00,104.0445094233319,104.06487552830221,103.83367413134486,31.290807695626068,105.29777474723569,103.65275052490468,104.47526263607018,ranging,0,0,0,1,0,0,0,1,1,0,0,1
2023-01-06 13:00:00,104.56465062016704,105.2107162804848,104.10509937930367,43.89462922308288,105.26303048091253,103.63389481898298,104.44846264994776,ranging,0,0,0,1,0,0,0,1,0,0,0,1
2023-01-06 14:00:00,104.69014691316309,105.08004237402416,104.41991201403937,67.33069351859082,105.24174679298856,103.64035520133625,104.4410509971624,ranging,0,0,0,1,0,0,0,1,0,0,0,1
2023-01-06 15:00:00,104.71199627627718,104.97861881407968,103.71333877372399,46.236782229400525,105.21965816980646,103.65754110216055,104.43859963598351,ranging,0,0,0,1,0,0,0,1,0,0,0,1
2023-01-06 16:00:00,104.68517070922067,105.6660747778995,104.58846723533935,50.45273652744005,105.18843687131572,103.70677859603312,104.44760773367442,ranging,0,0,0,1,0,0,0,1,0,0,0,1
2023-01-06 17:00:00,104.88818753644142,105.06967285251558,104.5626878506928,48.87961571708725,105.19349187102083,103.76298877995384,104.47824032548733,ranging,0,0,0,1,0,0,0,1,0,0,0,1
2023-01-06 18:00:00,105.02361249591529,106.6971787853537,104.56687332445813,41.18313699822883,105.14709245477171,103.92309119736392,104.53509182606781,ranging,0,0,0,1,0,0,0,1,0,0,0,1
2023-01-06 19:00:00,105.12031257203684,105.68758833424013,105.0295471993343,65.22534573484049,105.14601303166084,104.0405301410202,104.59327158634052,ranging,0,0,0,1,0,0,0,1,0,0,0,1
2023-01-06 20:00:00,104.66337644911128,105.30976819643438,104.29941802485112,17.17613972172274,105.17019902125702,104.09108129151264,104.63064015638483,ranging,1,0,0,1,1,0,0,1,1,0,0,1
2023-01-06 21:00:00,104.38594961480169,104.82307531931536,103.91754439444706,28.92726980182991,105.1746124198457,104.10422786390824,104.63942014187697,ranging,1,0,0,1,0,0,0,1,1,0,0,1
2023-01-06 22:00:00,104.75407227938685,105.71258597944417,104.55363036146503,40.467552832586065,105.21089943199509,104.1585523661601,104.68472589907759,ranging,0,0,0,1,0,0,0,1,0,0,0,1
2023-01-06 23:00:00,104.9619239356574,105.44031417704741,104.71882114400584,48.899494007842335,105.30541423868024,104.2308401980795,104.76812721837987,ranging,0,0,0,1,0,0,0,1,0,0,0,1
2023-01-07 00:00:00,105.1227672775717,105.89533010313527,105.03143413669801,74.12220825502952,105.39559076611688,104.24213942653465,104.81886509632577,ranging,0,0,0,1,0,0,0,1,0,0,0,1
2023-01-07 01:00:00,105.07804095208397,105.9361714696057,104.92433490316245,35.092874027046214,105.46069242640371,104.24756395514251,104.85412819077311,ranging,0,0,0,1,0,0,0,1,0,0,0,1
2023-01-07 02:00:00,105.15718625820863,105.83937725326649,104.38261248966708,30.81714562244293,105.53853504839864,104.25066496622603,104.89460000731233,ranging,0,0,0,1,0,0,0,1,1,0,0,1
2023-01-07 03:00:00,104.79296881803685,105.29488529606368,104.4336562621273,63.42764044865704,105.54804228978429,104.26075738098876,104.90439983538653,ranging,0,0,0,1,0,0,0,1,0,0,0,1
2023-01-07 04:00:00,105.0089149990605,105.70887174196342,104.93251284144051,36.56441391132262,105.56029849175498,104.27045162676698,104.91537505926098,ranging,0,0,0,1,0,0,0,1,0,0,0,1
2023-01-07 05:00:00,105.38137754260741,105.60139930630493,104.40571737075429,47.81351907167267,105.64361486081394,104.25218344801571,104.94789915441483,ranging,0,0,0,1,0,0,0,1,0,0,0,1
2023-01-07 06:00:00,105.25402268338833,105.66679136883172,104.9120422707573,30.519844820366213,105.64898817176608,104.27112106640017,104.96005461908312,trending,0,0,0,1,0,0,0,1,1,0,0,1
2023-01-07 07:00:00,105.17921860467338,105.47087367086124,105.08388700956655,36.82007426549376,105.67374809255713,104.34015062843861,105.00694936049787,trending,0,0,0,1,0,0,0,1,0,0,0,1
2023-01-07 08:00:00,105.11329771502987,105.94370513129029,105.04703070781959,29.55326403604719,105.6942323597061,104.45191147042205,105.07307191506408,trending,1,0,0,1,0,0,0,1,1,0,0,1
2023-01-07 09:00:00,104.96471556621822,105.24278896955649,103.92739150950374,29.709085239031815,105.58706284477394,104.5973797647781,105.09222130477602,trending,1,0,0,1,0,0,0,1,1,0,0,1
2023-01-07 10:00:00,104.87702583143776,105.3953210489468,103.72315935891618,29.72263986665145,105.55274681724951,104.61625977335352,105.08450329530152,trending,1,0,0,1,0,0,0,1,1,0,0,1
2023-01-07 11:00:00,104.79719405418909,104.87442241451826,104.28217243588588,23.567389248368258,105.5142503863286,104.59556107275031,105.05490572953946,trending,1,0,0,1,1,0,0,1,1,0,0,1
2023-01-07 12:00:00,104.70984256340013,104.8781194556134,104.60782780486014,24.463519393173794,105.4809900093774,104.56187628812265,105.02143314875002,trending,1,0,0,1,1,0,0,1,1,0,0,1
2023-01-07 13:00:00,104.6161809301629,105.55987783294424,104.26816396169987,29.299134708669147,105.44020121541195,104.50430047698887,104.97225084620041,trending,1,0,0,1,0,0,0,1,1,0,0,1
2023-01-07 14:00:00,104.5426775248523,104.64648707759603,104.10978711730333,36.963972398472315,105.44763724378788,104.45135694076117,104.94949709227453,trending,0,0,0,1,0,0,0,1,0,0,0,1
2023-01-07 15:00:00,104.45146934190868,104.63289370586125,104.09672813007647,32.70746787554062,105.43441325492894,104.36322717377435,104.89882021435164,trending,0,0,0,1,0,0,0,1,1,0,0,1
2023-01-07 16:00:00,104.35652203012921,104.60531283118382,104.15177173306427,22.52392616034961,105.37926697649544,104.23203608630268,104.80565153139906,trending,1,0,0,1,1,0,0,1,1,0,0,1
2023-01-07 17:00:00,104.28197233946852,104.31164477158978,103.85737829682876,23.851703898560196,105.33756131958481,104.09700531704613,104.71728331831547,trending,1,0,0,1,1,0,0,1,1,0,0,1
2023-01-07 18:00:00,104.18554300899144,104.33249848246058,103.93725233274753,38.45159860562214,105.2805781751214,103.97332017138555,104.62694917325348,trending,0,0,0,1,0,0,0,1,0,0,0,1
2023-01-07 19:00:00,104.11023438683492,104.29344796331016,103.4954836425648,35.7484043261493,105.2588690567182,103.81265413920787,104.53576159796303,trending,0,0,0,1,0,0,0,1,0,0,0,1
2023-01-07 20:00:00,103.99795321654825,104.26126393044088,103.74205575893501,35.578199011523076,105.2444250663742,103.65132315688454,104.44787411162937,trending,0,0,0,1,0,0,0,1,0,0,0,1
2023-01-07 21:00:00,103.9211138395157,104.1602099744424,103.30672965626806,33.7245184707034,105.21583571079861,103.50611033211072,104.36097302145467,trending,0,0,0,1,0,0,0,1,1,0,0,1
2023-01-07 22:00:00,103.83270613247942,103.84505904516531,103.82261182412545,26.179338064830304,105.18681717256625,103.35976743003219,104.27329230129922,trending,1,0,0,1,0,0,0,1,1,0,0,1
2023-01-07 23:00:00,103.75308198118674,104.41385000101725,103.72945626828894,37.564175353599275,105.14437281300276,103.22825532010235,104.18631406655255,trending,0,0,0,1,0,0,0,1,0,0,0,1
2023-01-08 00:00:00,103.67744407641126,103.850853617066,103.6618034680161,26.006865981215736,105.1266750899956,103.07527361515467,104.10097435257514,trending,1,0,0,1,0,0,0,1,1,0,0,1
2023-01-08 01:00:00,103.59148823256125,103.62999969034085,102.88376987377816,24.776026172523185,105.08916652060869,102.93983867685229,104.01450259873049,trending,1,0,0,1,1,0,0,1,1,0,0,1
2023-01-08 02:00:00,103.54223334891819,103.62982585591541,103.53243441422705,32.29490955608753,104.99051937152036,102.87317019085147,103.93184478118592,trending,0,0,0,1,0,0,0,1,1,0,0,1
2023-01-08 03:00:00,103.41585775761223,103.71214427566129,103.33016874942622,31.218553529045177,104.90189913628512,102.79076055835631,103.84632984732072,trending,0,0,0,1,0,0,0,1,1,0,0,1
2023-01-08 04:00:00,103.27855807017745,103.31697595404762,102.91565724755046,36.518636807136495,104.81330237343562,102.69691836315292,103.75511036829427,trending,0,0,0,1,0,0,0,1,0,0,0,1
2023-01-08 05:00:00,103.24146170372534,103.46934246235591,103.17484846818391,28.32104857682959,104.7170967978698,102.62147279230669,103.66928479508825,trending,1,0,0,1,0,0,0,1,1,0,0,1
2023-01-08 06:00:00,103.21492630293362,103.47813690336795,103.02341562914005,30.00475657271238,104.62633491148674,102.5494513907077,103.58789315109722,trending,0,0,0,1,0,0,0,1,1,0,0,1
2023-01-08 07:00:00,103.04625228370894,103.31773366695795,102.4497665997302,31.187311624131624,104.54437492614342,102.45837484280754,103.50137488447548,trending,0,0,0,1,0,0,0,1,1,0,0,1
2023-01-08 08:00:00,102.90137021446061,102.95905567993285,102.31396998535263,28.436834924842305,104.46448287191792,102.35285896520485,103.40867091856138,trending,1,0,0,1,0,0,0,1,1,0,0,1
2023-01-08 09:00:00,102.76487416518212,103.0098739625446,102.51348569186555,30.453769940936663,104.38746584877902,102.23572472156238,103.3115952851707,trending,0,0,0,1,0,0,0,1,1,0,0,1
2023-01-08 10:00:00,102.62735940736886,103.18119751527729,102.36122648269674,28.316453215181042,104.31281143955565,102.1057022991825,103.20925686936907,trending,1,0,0,1,0,0,0,1,1,0,0,1
2023-01-08 11:00:00,102.52016272419027,103.58133181477703,101.4044753438522,23.287028244571648,104.23330407332887,101.97479487409637,103.10404947371262,trending,1,0,0,1,1,0,0,1,1,0,0,1
2023-01-08 12:00:00,102.43267766534457,102.99659901837119,102.0831645996449,30.72189980971289,104.15074745720182,101.84665865982038,102.9987030585111,trending,0,0,0,1,0,0,0,1,1,0,0,1
2023-01-08 13:00:00,102.37760291119498,102.69922007018769,102.34235227677395,31.57308321895493,104.06028729832636,101.72536783001894,102.89282756417265,trending,0,0,0,1,0,0,0,1,1,0,0,1
2023-01-08 14:00:00,102.21361809818933,103.00628352801176,101.67740526910858,22.479300049074716,103.97449101768063,101.59257508167863,102.78353304967963,trending,1,0,0,1,1,0,0,1,1,0,0,1
2023-01-08 15:00:00,102.0846268282014,102.22664316184253,101.85047189892477,35.50767342605236,103.89377612368193,101.45621156804535,102.67499384586364,trending,0,0,0,1,0,0,0,1,0,0,0,1
2023-01-08 16:00:00,101.95272329106221,102.69360805006971,101.29330122449957,34.839668953178744,103.80527569869834,101.31039591799929,102.55783580834881,trending,0,0,0,1,0,0,0,1,1,0,0,1
2023-01-08 17:00:00,101.88207188170492,102.00193591188291,101.33921948880668,30.66435650600379,103.70833207256217,101.16500237663934,102.43666722460075,trending,0,0,0,1,0,0,0,1,1,0,0,1
2023-01-08 18:00:00,101.77859707263639,102.4220273383324,101.45075138743454,21.931425560310128,103.6136163392797,101.02923534427222,102.32142584177596,trending,1,0,0,1,1,0,0,1,1,0,0,1
2023-01-08 19:00:00,101.70126915059079,101.92547293158505,101.69083823311837,32.20827871822222,103.51875916525563,100.90589232486542,102.21232574506053,trending,0,0,0,1,0,0,0,1,1,0,0,1
2023-01-08 20:00:00,101.67019930212436,101.84645067730125,101.21194499966694,30.7920771864139,103.4194220286198,100.80619766821803,102.11280984841892,trending,0,0,0,1,0,0,0,1,1,0,0,1
2023-01-08 21:00:00,101.59024503402053,102.27275915541482,101.58544878256176,28.070141597295166,103.3187632449204,100.7182902022177,102.01852672356905,trending,1,0,0,1,0,0,0,1,1,0,0,1
2023-01-08 22:00:00,101.48317857311311,102.1440785125024,101.44165526830115,31.74447322992036,103.2169697497878,100.63154112442724,101.92425543710752,trending,0,0,0,1,0,0,0,1,1,0,0,1
2023-01-08 23:00:00,101.40538135830099,102.05322896017256,100.53658507645125,19.839293409601794,103.10396147874422,100.55776824873558,101.8308648637399,trending,1,0,0,1,1,0,0,1,1,0,0,1
2023-01-09 00:00:00,101.31559277231898,102.36352034924256,100.81125775275837,28.306484372776406,102.99012935403456,100.47850762092236,101.73431848747846,trending,1,0,0,1,0,0,0,1,1,0,0,1
2023-01-09 01:00:00,101.20574266792725,101.25185066628855,100.5482804849233,26.46996459245301,102.8889037394185,100.39648315730894,101.64269344836372,trending,1,0,0,1,0,0,0,1,1,0,0,1
2023-01-09 02:00:00,101.12391856898161,101.34538073758021,101.08645133285896,34.13055884543002,102.7784603174754,100.33225235030295,101.55535633388918,trending,0,0,0,1,0,0,0,1,1,0,0,1
2023-01-09 03:00:00,101.05281708863356,101.56079430880484,100.7025536421261,32.97810482600227,102.65422762681415,100.29286573143175,101.47354667912295,trending,0,0,0,1,0,0,0,1,1,0,0,1
2023-01-09 04:00:00,100.9256050904881,101.20310484618118,100.3429495953247,31.80138514397204,102.5403398809399,100.23285042435747,101.38659515264868,trending,0,0,0,1,0,0,0,1,1,0,0,1
2023-01-09 05:00:00,100.85542974847385,100.86723614337474,100.79921045157924,34.24642150130808,102.43269272208414,100.17264897882006,101.3026708504521,trending,0,0,0,1,0,0,0,1,1,0,0,1
2023-01-09 06:00:00,100.73063969000292,101.32665289186389,100.63347148686317,26.994445892760474,102.33203619925771,100.09682741790323,101.21443180858047,trending,1,0,0,1,0,0,0,1,1,0,0,1
2023-01-09 07:00:00,100.61811847856204,100.87887035770629,100.52510714108939,26.868918682540205,102.23390001682996,100.0036761778651,101.11878809734753,trending,1,0,0,1,0,0,0,1,1,0,0,1
